{
	"name": "Modalys",
	"type": "package",
	"author": "IRCAM, Centre Georges Pompidou, Paris",
	"tags" : [ "physical models", "sound synthesis", "virtual musical instruments" ],
	"description": "Modalys is IRCAM’s flagship physical model-based sound synthesis environment, used to create virtual instruments from physical objects such as strings, plates, tubes, membranes, plectra, bows, hammers, or 3D finite elements.",
	"version": "3.9.0",
	"max_version_min": "6.1.10",
	"max_version_max" : "none",
	"os" : 	{
			"macintosh" : {
				"platform" : [ "x64", "aarch64" ],
				"min_version" : "none"
			}
			,
			"windows" : {
				"platform" : [ "x64" ],
				"min_version" : "none"
			}
	},
	"website": "https://support.ircam.fr/docs/Modalys/current/",
	"relative_path": "None",
	"filelist" : 	{
		"examples" : [ "modes_selection_example.maxpat", "lua_3d_cymbal_from_obj_file.maxpat" ],
		"help" : [ "modalys~.maxhelp" ]
	}
}
